id,first_name,last_name,email,ip_address,color,car_vin,car_company,car_model,car_model_year,car_price,country,city,date
29,Sacha,Lamport,slamports@psu.edu,134.108.190.141,#cc8cd1,YV1952AS8D1054810,Pontiac,Solstice,2006,20647.67,Czech Republic,Vidče,2020-05-14
45,Ilene,Langran,ilangran18@ft.com,77.127.130.137,#f1013b,5GAER13718J360654,Pontiac,G6,2006,94006.99,Poland,Łękawica,2020-08-23
65,Phoebe,Hartford,phartford1s@unc.edu,112.201.154.129,#8c0d54,2HNYD2H28CH766206,Pontiac,Sunbird,1986,45933.12,Czech Republic,Mohelnice,2020-12-18
100,Nicolea,Dench,ndench2r@hatena.ne.jp,220.122.165.85,#555d0f,JN8AZ2KR7DT737349,Pontiac,Grand Prix,1990,31841.04,Poland,Górzno,2020-11-27
108,Bell,Pacitti,bpacitti2z@europa.eu,146.21.20.84,#d0460c,3VW8S7AT9FM161500,Pontiac,Grand Prix,1999,94817.43,Germany,Hamburg,2020-10-09
142,Rayshell,Seward,rseward3x@1688.com,253.230.99.34,#af5ca3,1FTEW1CM8EF791159,Pontiac,6000,1988,5256.21,Poland,Kaliska,2020-04-26
158,Germain,Burgott,gburgott4d@e-recht24.de,106.147.254.11,#7c4f2f,1G6DH8E57D0261969,Pontiac,Grand Prix,2001,36634.65,Czech Republic,Jablonec nad Jizerou,2020-07-11
175,Kyla,Aymes,kaymes4u@deviantart.com,178.29.93.211,#b67167,1G6DK8E34D0341830,Pontiac,Bonneville,1967,5965.18,Czech Republic,Vlkoš,2020-08-13
211,Lazare,Wombwell,lwombwell5u@archive.org,150.147.244.111,#beaaba,3D7JV1EP8AG307355,Pontiac,Daewoo Kalos,2006,87202.11,Poland,Bodzechów,2020-09-07
234,Forrest,Everill,feverill6h@toplist.cz,99.117.218.57,#e169a3,YV126MFC8F1264760,Pontiac,Sunbird,1986,73973.16,Czech Republic,Drásov,2020-04-27
276,Lambert,Aughtie,laughtie7n@theglobeandmail.com,160.2.55.235,#c6448a,WBALZ3C58CC247701,Pontiac,1000,1984,84056.46,Poland,Kurzętnik,2020-04-07
306,Corey,Bulcock,cbulcock8h@i2i.jp,83.150.58.81,#d37434,WA1YD64B05N188948,Pontiac,Bonneville,1964,73227.73,Poland,Sośnie,2020-06-26
333,Curt,Billie,cbillie98@blogger.com,250.19.215.70,#cd2e07,JH4CU25649C906270,Pontiac,G8,2008,1514.04,Poland,Mniszków,2020-08-12
379,Danie,Coney,dconeyai@si.edu,242.228.214.5,#3df28c,SCBBR9ZA6BC727596,Pontiac,Grand Prix,1991,66983.14,Czech Republic,Dolní Cerekev,2020-06-18
382,Clerkclaude,Gilliland,cgillilandal@123-reg.co.uk,22.20.180.179,#dac840,WUATNAFGXBN933552,Pontiac,G8,2008,43318.68,Poland,Chrząstowice,2020-11-13
428,Iggie,Adame,iadamebv@bing.com,13.35.45.112,#30cddb,WAUJF98K29N059934,Pontiac,LeMans,1989,60284.14,Czech Republic,Petřvald,2020-02-03
464,Krystle,Prendeville,kprendevillecv@epa.gov,247.40.183.193,#7ee9ff,1GD020CG3DZ842010,Pontiac,Bonneville,1986,79501.76,Poland,Widuchowa,2020-05-12
495,Clevie,Bussey,cbusseydq@hhs.gov,215.240.107.38,#803171,1ZVBP8AN1A5526121,Pontiac,Sunbird,1985,88574.10,Poland,Częstochowa,2020-09-14
500,Pammy,Unwin,punwindv@quantcast.com,183.158.192.201,#f7f4a7,JN8AZ1MU4DW418579,Pontiac,LeMans,1968,88662.66,Poland,Nidek,2020-12-16
564,Paten,Daws,pdawsfn@xing.com,214.18.241.80,#acf264,JA4AP3AUXBZ849001,Pontiac,Grand Prix,1990,51170.69,Poland,Ursus,2020-12-09
602,Merrill,Ault,maultgp@pagesperso-orange.fr,52.158.43.233,#17f924,3VWC17AU5FM660946,Pontiac,LeMans,1990,81005.80,Poland,Czerwonak,2020-11-29
623,Berny,Moreno,bmorenoha@google.com,212.238.28.154,#ec0915,JN8AE2KP6E9204806,Pontiac,Grand Prix,1974,75406.97,Poland,Mosina,2020-05-29
689,Kimble,Tomsu,ktomsuj4@google.it,18.238.212.102,#1db3dc,1G6D05EG8A0239109,Pontiac,Fiero,1984,8202.10,Poland,Mirzec,2020-03-24
721,Josefina,Minto,jmintok0@altervista.org,37.169.220.58,#c27af5,2B3CK4CV8AH592607,Pontiac,G6,2007,44112.55,Poland,Drzewica,2020-10-31
737,Port,Dennington,pdenningtonkg@trellian.com,239.195.141.98,#0dd7dd,2C3CCAAG5EH125508,Pontiac,Grand Prix,1966,9921.56,Poland,Zbąszyń,2020-06-28
760,Tony,Jiran,tjiranl3@admin.ch,101.27.81.161,#63533e,WAUFFAFL1FA834942,Pontiac,GTO,1972,86303.79,Slovakia,Bratislava,2020-04-15
783,Pete,Vala,pvalalq@reference.com,158.119.73.26,#016608,WAUDG94F36N580871,Pontiac,Vibe,2010,13702.26,Czech Republic,Kunčice pod Ondřejníkem,2020-01-02
793,Lula,Langthorne,llangthornem0@sciencedaily.com,70.18.129.64,#d20bc0,JA32U2FU0EU192151,Pontiac,Grand Am,2000,31178.86,Czech Republic,Vyškov,2020-07-18
800,Leicester,Taberer,ltabererm7@harvard.edu,113.225.210.40,#0f485f,1G6DB1EDXB0637366,Pontiac,G6,2008,36745.87,Poland,Mirzec,2020-11-09
830,Alfons,Dine-Hart,adinehartn1@yelp.com,124.100.164.80,#a8095d,SAJWA6BC3F8490138,Pontiac,Trans Sport,1993,305.73,Poland,Czemierniki,2020-11-04
858,Gay,Tait,gtaitnt@devhub.com,234.234.185.41,#e6a7ea,WBAUN1C57CV917716,Pontiac,LeMans,1966,88280.13,Poland,Ostroróg,2020-08-28
898,Cosette,Mead,cmeadox@indiatimes.com,199.65.212.112,#190d96,1GYS4GEF4BR314990,Pontiac,G5,2009,453.87,Poland,Wiślica,2020-02-28
904,Marty,Sambath,msambathp3@taobao.com,153.53.186.40,#9c3f17,1GYS4HEF8CR671595,Pontiac,Firebird,1984,98532.02,Poland,Parczew,2020-12-10
935,Bram,Lanfranchi,blanfranchipy@goo.ne.jp,230.36.180.14,#6edf42,3VW467AT6DM667835,Pontiac,Vibe,2006,76578.31,Poland,Nysa,2020-02-10
947,Basilio,Patise,bpatiseqa@webnode.com,43.59.160.162,#b4e05c,WBAAV534X1J077968,Pontiac,Montana,2006,49063.18,Poland,Bobolice,2020-02-27
984,Ashleigh,Stolte,astolterb@telegraph.co.uk,2.72.157.148,#64d3ea,JN1AZ4EH0BM689522,Pontiac,LeMans,1990,65315.34,Czech Republic,Lučina,2020-10-02
