id,first_name,last_name,email,ip_address,color,car_vin,car_company,car_model,car_model_year,car_price,country,city,date
257,Randy,Kohter,rkohter74@ibm.com,234.104.43.48,#98688b,3GYFNGEY7BS941227,Bentley,Mulsanne,2011,44587.82,Poland,Widuchowa,2020-08-02
423,Dalia,Curnok,dcurnokbq@friendfeed.com,61.190.42.123,#b33f51,1C3CCBHG0CN239867,Bentley,Continental Flying Spur,2012,4558.80,Poland,Tuchomie,2020-05-23
584,Noah,Birnie,nbirnieg7@taobao.com,18.28.201.56,#2b1b7f,WVWBN7AN0FE116582,Bentley,Azure,2010,16032.57,Poland,Koronowo,2020-10-01
789,Les,Luebbert,lluebbertlw@noaa.gov,56.143.94.250,#68fcf2,1FTSW3A5XAE364902,Bentley,Continental,2008,57996.64,Poland,Ruda Śląska,2020-08-24
850,Arlyn,Canedo,acanedonl@comsenz.com,128.80.246.217,#ca4ddc,KL4CJCSB8EB601026,Bentley,Continental GTC,2008,46403.57,Poland,Mstów,2020-08-18
888,Koo,Lapslie,klapslieon@amazon.de,38.144.134.10,#b777ed,3N1CN7AP7EL011786,Bentley,Continental Super,2012,95732.27,Czech Republic,Kralice na Hané,2020-11-12
